{
  "epoch100": {
    "epoch": 100,
    "fid_xy": 168.57334558014844,
    "fid_yz": 215.65043576778368,
    "fid_zx": 162.69161819161243,
    "fid_avg": 182.30513317984818
  },
  "epoch200": {
    "epoch": 200,
    "fid_xy": 132.27048523548282,
    "fid_yz": 160.47838764028972,
    "fid_zx": 126.44854372458113,
    "fid_avg": 139.73247220011788
  },
  "epoch300": {
    "epoch": 300,
    "fid_xy": 110.459293241155,
    "fid_yz": 126.94612814265872,
    "fid_zx": 106.5211345857696,
    "fid_avg": 114.64218532319444
  },
  "epoch400": {
    "epoch": 400,
    "fid_xy": 100.8362242813688,
    "fid_yz": 117.15369365108174,
    "fid_zx": 94.64327018411109,
    "fid_avg": 104.21106270552055
  },
  "epoch500": {
    "epoch": 500,
    "fid_xy": 92.52575882900018,
    "fid_yz": 108.92535012887743,
    "fid_zx": 87.24494581903306,
    "fid_avg": 96.23201825897023
  },
  "epoch600": {
    "epoch": 600,
    "fid_xy": 89.28828105222323,
    "fid_yz": 107.08541137464198,
    "fid_zx": 85.48696985169403,
    "fid_avg": 93.95355409285308
  },
  "epoch700": {
    "epoch": 700,
    "fid_xy": 86.27302317290466,
    "fid_yz": 101.88459397195777,
    "fid_zx": 82.51344853302498,
    "fid_avg": 90.22368855929581
  },
  "epoch800": {
    "epoch": 800,
    "fid_xy": 85.4379873245426,
    "fid_yz": 100.80308366635623,
    "fid_zx": 81.4275723776964,
    "fid_avg": 89.22288112286508
  },
  "epoch900": {
    "epoch": 900,
    "fid_xy": 84.32585549282572,
    "fid_yz": 100.30856648874348,
    "fid_zx": 80.47201914887452,
    "fid_avg": 88.3688137101479
  },
  "epoch1000": {
    "epoch": 1000,
    "fid_xy": 84.6260246493612,
    "fid_yz": 100.51349414879414,
    "fid_zx": 81.05981110793647,
    "fid_avg": 88.73310996869726
  }
}