{
  "real_source": "test",
  "n_synthetic": 100,
  "n_real": 102,
  "fid_xy": 84.6260246493612,
  "fid_yz": 100.51349414879414,
  "fid_zx": 81.05981110793647,
  "fid_avg": 88.73310996869726,
  "mmd": 0.007839770913124084,
  "msssim_synth": 0.950473361313343,
  "msssim_real": 0.935683191716671
}