{
  "real_source": "all",
  "n_synthetic": 100,
  "n_real": 1007,
  "fid_xy": 83.86912333628808,
  "fid_yz": 99.63613601210812,
  "fid_zx": 80.09201905953694,
  "fid_avg": 87.86575946931104,
  "mmd": 0.00781016506254673,
  "msssim_synth": 0.950473361313343,
  "msssim_real": 0.9355011373758316
}